"Dấu thời gian","Em tên gì?","Em học lớp C4T số mấy?","JS là gì?","JS có những tác dụng gì?","Để có thể làm việc với JavaScript (JS), cần phải có những gì?","Có những cách nào có thể chạy 1 đoạn code JS","JS cú pháp có gì khác với Python?","Tại sao ta cần dùng hằng số (const)","Khai báo 1 hằng số là 1 string với nội dung https://developer.marvel.com",""
"2018/10/31 1:49:56 CH GMT","Vu Quoc MInh","7","ngôn ngữ lập trình","Networking,UI,Storage,làm một trang hoạt động","cần html","đính file js vào file html","; ở cuối dòng,lệnh mới không cần cách dòng, khối lệnh trong {}","cho những dữ liệu không thay đổi","constant p = https://developer.marvel.com","Option 1"
"2018/11/03 12:18:22 CH GMT","Quốc Minh","7","java script","lập trình","html","gán file js vào file html","dấu ';', alert, console.log, const","tồn tại nhiều giá trị không bao ghoiwof thay đổi","const txt = 'https://developer.marvel.com'",""
"2018/11/03 12:30:32 CH GMT","Bùi Anh Nhật","7","Là 1 ngôn ngữ lập trình.","Lập trình web động.","visual studio code và 1 web browser","Mở trình duyệt web.","Dùng var để khai báo boolean,string,array,interger.","Để khai báo 1 giá trị không đổi.","const n = ""https://developer.marvel.com""",""
"2018/11/03 12:34:15 CH GMT","Lại Tuấn Anh","7","Là ngôn ngữ giúp trang web thực hiện những điều phức tạp, như là animation, cập nhật thông tin, tương tác với trang web, ...","Thực hiện các chức năng back-end, phản hồi hành động của người dùng,","Kiến thức? Máy tính chạy Windows, MacOS, hoặc Linux? Browser để đọc code.","Chạy JS cùng với HTML & CSS bằng VSCode.","Phải khai báo var, kết thúc câu đặt dấu chấm phẩy. Whitespaces không quan trọng, khác hẳn với Python.","- Tránh biến bị thay đổi bởi con người. -Giúp tối ưu giúp code chạy nhanh hơn.","var s = ""https://developer.marvel.com""",""
"2018/11/03 12:45:34 CH GMT","Nguyễn Xuân Thái Dương ","7","java script","làm cho các website sống động hơn và để cho người có thể tương tác vs web","máy tính và browser và vscode","inspect trên web, vscode","alert , console.log() != print","vì có thể có các biến mà ta không muốn đổi","const x =""https://www.google.com/url?q=https://developer.marvel.com&sa=D&ust=1541252586183000&usg=AFQjCNH5urv9CeiHppl91D3EyHDcJmj_tw""",""
"2018/11/07 1:21:56 CH GMT","quang","7","https://fullstackstation.com/react-js-la-gi/","https://fullstackstation.com/react-js-la-gi/","rat nhieu thu","save va f5 lai trang","js can ;","de do nham lan giua const va var","const link = ""https://www.marvel.com/signin?referer=https%3A%2F%2Fdeveloper.marvel.com%2Faccount""",""
"2018/11/07 1:41:15 CH GMT","Văn Trung","7","mảnh ghép cuối cùng trong chương trình học web","làm cho web tĩnh thành web động, thay giao diện, hiệu ứng,...","script, nối html với js","viết code rồi F5 lại trang","thường có thêm var ở đầu câu","để khoá 1 số không thể thay đổi trong JS","const x = https://developer.marvel.com",""
"2018/11/07 1:46:41 CH GMT","quang","7","https://fullstackstation.com/react-js-la-gi/","https://fullstackstation.com/react-js-la-gi/","rat nhieu thu","save va f5 lai trang","js can ;","de do nham lan giua const va var","const link = ""https://www.marvel.com/signin?referer=https%3A%2F%2Fdeveloper.marvel.com%2Faccount""",""
"2018/11/09 1:53:47 CH GMT","Phan Huy Công","8","là ngôn ngữ lập trình giúp các trang web có thể dễ tương tác hơn","lưu trữ thông tin,giúp trang web sinh động hơn,lấy thông tin,...","cần tạo 1 file đuôi js,trong html dẫn đường link của file js vào qua lệnh scipt","console.log() ,alert()","ko phân biệt các câu lệnh khi xuống dòng,phân biệt qua dấu ' ; ' và có thể 2 dòng code trên cùng 1 dòng","để ta lưu trữ 1 dữ liệu gì đó mà ko bị thay đổi trong quá trình sử dụng","const string = 'https://developer.marvel.com'",""
"2018/11/11 12:38:12 CH GMT","Hưng Trần Duy","8","1 ngôn ngữ lập trình????","tương tác với UI?????","máy tính??","dùng console trên browser hoặc là dùng 1 hệ thống lập trình nào đó??","khác về nhiều thứ","ok","ừm",""
"2018/11/11 12:46:37 CH GMT","minh","8","javascript","UI,networking, làm sinh đọng hơn ?","não","console, trên web :))","kết thúc bằng'; 'và khối lệnh trong {} ","để ko bị dễ dàng thay đổi giá trị","const x = ""https://developer.marvel.com""",""
"2018/11/11 12:50:14 CH GMT","Nguyễn Hạnh An","8","một ngôn ngữ lập trình hỗ trợ việc lập trình web","JS hỗ trợ cho các thao tác của người dùng vời trang web","Cần phải có file html và file js","dùng lệnh script trong html hoặc dùng interactive mode","cần dấu chấm phẩy ở cuối dòng và thay vì tab trong các câu lệnh thì js dùng cặp ngoặc nhọn","làm cho code an toàn hơn","const a = ""https://developer.marvel.com""",""
"2018/11/11 12:58:44 CH GMT","nguyễn khoa hải duy","8","javascript","làm trang web động","có file html","đính script vào body của file html","có chấm phẩy cuối mỗi câu lệnh ( ; ), có thể viết nhiều câu lệnh trên cùng dòng, lệnh cũng đc bao hàm bởi dấu ngoặc nhọn ( {} )","để gán một giá trị cố định và không để bị thay đổi","const = ""https://developer.marvel.com""",""
"2018/11/11 12:58:47 CH GMT","Vũ Đức Anh","8","JavaScripts","Làm cho web tĩnh trở thành thành web động","Không nhiều lắm","Nhiều cách","Dễ đọc hơn","","",""
"2018/12/09 7:54:39 SA GMT","Nguyễn Đức Anh","9","JavaScripts","biến web tĩnh thành web động","Basics, UI, Networking, Storage","kết nối vs HTML","có dấu chấm phẩy để ngăn cách giữa cách câu lệnh và ko cần xuống dòng","nó giúp code của chúng ta trở nên an toàn","const a=""https://developer.marvel.com"";",""
"2018/12/09 7:59:10 SA GMT","Nguyễn Hồng Phúc","9","Java Script","tạo ra tính tương tác của trang web","1 trình duyệt web","web console","dùng const, var để khai báo biến","ngăn viecj thay đổi số về sau","",""
"2018/12/09 8:04:15 SA GMT","Đỗ Đức Minh","9","là ngôn ngữ lập trình sử dụng trong lập trình front-end web","giúp tạo ra tương tác giữa trang web với UI","browser","dùng thẻ script để nhúng file js vào file html hoặc dùng thẻ script cho chạy trực tiếp trong html ","trong python để phân biệt các câu lệnh ta xuống dòng còn ở js dùng dấu "";"",  các block lệnh được phân biệt bằng tab trong python, còn js sử dụng ""{}"", khi khai báo biến trong js cần ""var"" hoặc ""const"" trước tên biến.","để cho việc code an toàn hơn (không bị thay đổi giá trị biến)","const strin = ""https://developer.marvel.com""",""