"Dấu thời gian","Em tên gì?","Em học lớp C4T số mấy?","Có tất cả bao nhiêu máy tính để 1 website hoạt động bình thường?","Client là gì?","Server là gì?","Client làm gì khi người dùng nhập đường dẫn trang web và nhấn Enter?","Server làm gì khi người dùng nhập đường dẫn trang web?","Hãy kể 1 website em biết?","Ở website trên, hãy mô tả một hoạt động của người dùng (trừ trang chủ) mà cần để cả client và server?","Ngôn ngữ lập trình cho web client (Front-end) là những ngôn ngữ nào?","Ngôn ngữ lập trình cho web server (Back-end) là những ngôn ngữ nào?","Thế nào là front-end developer?","Thể nào là back-end developer?","Thế nào là full-stack developer?","Lớp mình sẽ học về phần nào trước?"
"2018/10/20 12:48:50 CH GMT","Nguyễn Xuân Trường","7","2","người dùng","máy chủ","lấy dữ liệu từ server và đưa người dùng dữ liệu đó","truy cập dữ liệu đã có","facebook.com","người dùng nhập pass và username","html, css, javascript","nh ngôn ngữ","người phát triển client","người phát triển server","cả hai","Front-end"
"2018/10/20 12:48:53 CH GMT","Đoàn Việt Anh","7","1","là những gì người dùng nhìn thấy trên website","là hệ thống mà client gửi lệnh lên","thì client sẽ thông báo lên server và server gửi lệnh về để dẫn ng dùng đến website","em trả lời ở trên r","facebook","nhấn vào các trang con","css","html","làm những thứ mà ngừoi dùng thấy","làm cho trang web hoạt động","làm cả f lẫn b end ","Front-end"
"2018/10/20 12:50:10 CH GMT","Bùi Anh Nhật","7","2","Là giao diện của 1 trang web.","Là phần lưu trữ thông tin.","Hiển thị ra, lấy những thông tin từ server","Lấy thông tin và client của trang web và hiện ra.","dantri.com.vn","Chọn 1 bài báo trên client, lúc đó client sẽ lấy thông tin bài báo từ server và hiện lên cho người dùng","HTML, CSS, JS","nhiều ngôn ngữ","Người lập trình cho client","Người lập trình cho server","Lập trình cả front lẫn back end","Front-end"
"2018/10/20 12:51:45 CH GMT","quang","7","2","https://vi.wikipedia.org/wiki/Client-server","https://tinhte.vn/threads/server-la-gi.2160167/","gui get request den sever","accept request va gui info","xxxhamster","xem sex","html,python,java,...","html,python,java,...","Phần front-end của một trang web là phần tương tác với người dùng. Tất cả mọi thứ bạn nhìn thấy khi điều hướng trên Internet, từ các font chữ, màu sắc cho tới các menu xổ xuống và các thanh trượt, là một sự kết hợp của HTML, CSS, và JavaScript được điều khiển bởi trình duyệt máy tính của bạn.","Thế nhưng điều gì giúp phần front-end của một trang web có thể hoạt động được? Tất cả dữ liệu sẽ được lưu trữ ở đâu? Đó là phần việc của back end. Phần back end của một trang web bao gồm một máy chủ, một ứng dụng, và một cơ sở dữ liệu. Một lập trình viên back-end xây dựng và duy trì công nghệ mà sức mạnh của những thành phần đó, cho phép phần giao diện người dùng của trang web có thể tồn tại được.","Thường thì không có một sự phân biệt rõ ràng trắng đen giữa phát triển front-end và back-end. ""Các lập trình viên front-end thường cần phải tìm hiểu thêm những kỹ năng back-end, và ngược lại, đặc biệt là trong giai đoạn kinh tế hiện nay,"" Matranga nói. ""Các lập trình viên cần phải có nhiều kỹ năng khác nhau và có kiến thức tổng hợp."" Lập trình viên full stack là những người đa năng. Khái niệm lập trình viên full stack là vai trò đã được phổ biến cách đây 4 năm bởi bộ phận kỹ thuật của Facebook. Ý tưởng là một lập trình viên full stack có thể làm việc liên chức năng trên ""stack"" công nghệ, tức là cả front end lẫn back end.  ""Làm việc chuyên nghiệp trên cả server side và client side mở ra nhiều cơ hội,"" Federico Ulfo, một lập trình viên full stack tại công ty Grovo nói. Nhưng, dĩ nhiên, phát triển full stack không phải là không có những thách thức của nó. ""Để làm ra một món ăn ngon, bạn có thể giỏi nấu hoặc giỏi nướng, nhưng để làm chủ cả hai kỹ năng này thì cần có thời gian và kinh nghiệm. Và tôi không nói về việc cứ làm theo một công thức nào đó, vì bất kỳ ai cũng có thể làm như vậy. Tôi đang nói về việc có các thành phần nguyên liệu để chuẩn bị cho một cái gì đó thực sự tốt.""","Front-end"
"2018/10/20 12:52:35 CH GMT","Vũ Quốc Minh","7","2","phần tiếp xúc người dùng","phần chứa thông tin của website","gửi get request đến server","gửi lại file html,css,js","google.com","tra thông tin","html,css","python,js,c","người thiết kế giao diện người dùng","người tạo nên trang web","nguồi làm cả hai","Front-end"
"2018/10/20 12:52:49 CH GMT","Nguyễn Xuân Thái Dương","7","2","người dùng","máy chủ","gửi lệnh request cho máy chủ","gửi lại thông tin người dùng cần","facebook","kết bạn","html, js, css","nhiều ngôn ngữ- Đôn 2018","những người lập trình giao diện cho người dùng","những người khổ hơn","người làm được cả 2","Front-end"
"2018/10/20 1:00:51 CH GMT","Nguyen Van Trung","7","2","là nơi nhận và đọc thông tin của web","phần cấu tạo, chứa thông tin của client","gửi thông tin đến server để lấy dữ liệu có trong đường dẫn và hiển thị trên client","đọc thông tin đã có từ trước trong cái đường dẫn trang web và gửi đến client","dantri.com","vdụ: ng dùng đăng nhập vào, cần cả client và server","python","python","người làm việc phía trước, người lập trình cho người dùng nhìn được những thứ mà lập trinh","người lập trình ra nội dung, chương trình cho website, người dùng sẽ k để í đến phần back-end","làm cả back và front end","Front-end"
"2018/10/20 1:00:51 CH GMT","trang","7","2","web","backend","","dua den trang web day","zing mp3","tim nhac","","","cai cho ng dung doc thong tin, nghe nhac","thong tin ng dung ko xem dc","bao gom ca frontend va backend","Front-end"
"2018/10/28 12:54:59 CH GMT","duc","8","at least 2","user","may chu","get request from server","acc request ","facebook","login ","html,csss,js","html,csss,js","develop trang chu","develop may chu","do both of the things above","Front-end"
"2018/10/28 12:56:21 CH GMT","ngọc","8","2","web browser","cái máy thứ 2 mà có code và thông tin của web ","gửi tới server 1 request để lấy thông tin trang chủ","giải mã yêu cầu và gửi lại thông tin trang chủ","","","","HTML, JS, CSS","xử lí công đoạn hiển thị web cho người dùng","xử lí yêu cầu được gửi đến","combo back end và front end","Front-end"
"2018/10/28 12:56:57 CH GMT","minh","8","ít nhất 2 ?","","","nhận css html js","gửi css html js","facebook","nhập đường dẫn trang web và nhấn enter","html css js","","lập trình phần hiển thị sau khi vào web","lập trình css js vầ html","làm cả frontendvaf backend","Front-end"
"2018/10/28 12:57:24 CH GMT","Nguyễn Hạnh An","8","2","Máy tính của người dùng","máy lưu trữ các thông tin","gửi đến cho serve một request để truy cập","đưa lại cho client những phần từ lập trình CSS, HTML, JS","wikipedia","tìm thông tin","JS, HTML, CSS","Java, Ruby, PHP","Lập trình các giao diện mà người dùng nhìn thấy","lập trình giúp phần front-ent hoạt động được","lập trình cả back-end và front-end","Front-end"
"2018/10/28 12:59:19 CH GMT","Nguyễn Khoa Hải Duy","8","ít nhất 2 máy","Nơi nhận thông tin về website","nơi chứa thông tin về website","gửi yêu cầu đọc thông tin cho server","gửi thông tin cho client để người dùng sử dụng","facebook","đăng nhập tài khoản","HTML, CSS, JS","python, java?","lập trình client","lập trình server","lập trình cả client và server","Front-end"
"2018/10/28 12:59:36 CH GMT","quocanh","8","it nhat 2","la phan show ra thong ti ncho ng dung","may luu tru du lieu ","dua ng dung den trang web duong dan ","dua thong tin den may ng dung ","genk.vn","","HTML, CSS, và JavaScript"," PHP, Ruby, Python, Java, và .Net ","code ve phan ng dung nhin thay ","code ve phan ng dung k nhin thay","la code ve ca front lan back end","Front-end"
"2018/10/28 12:59:41 CH GMT","Phan Huy Công","8","ít nhất 2","những những ứng dụng web rỗng ví dụ như Chorme,Fire Fox,Safari,....","là nơi chứa toàn bộ thông tìn về web  ","client sẽ gửi 1 yêu cầu về đường link web ng dùng nhập rồi gửi cho server","server sẽ nhận yêu cầu đó rồi gửi lại toàn bộ các thông tin về link web mà ng dùng cần bao gồm 3 ngôn ngữ HTML,CSS,JS","stalker page :D","người dùng sẽ nhập đường link face nạn nhân mà người dùng cần tra rồi server sẽ in ra những hoạt động mà nân nhân đã làm trogn vòng 1 ngày qua ","HTML,CSS,JS","python,jsc,php,...","là người dùng đảm nhiện giao diện và những thứ xuất hiện cho người dùng thấy","là những người ở đằng sau màn ảnh,người đảm nhận những dòng code để có thể cho người dùng những thông tin cần thiết","là người đảm nhận cả front-end và back-end","Front-end"
"2018/10/28 1:04:34 CH GMT","Tấn","8","at least 2","người dùng","máy chủ","thu jv, html, css","xác nhận cho người dùng nhập web","pornhub.com","bấm link, relax","html, js, css","microsoft.net, java, php","show cho người dùng thông tin","xử lý yêu cầu của người dùng","làm cả back-end lẫn front-end","Front-end"
"2018/10/28 1:13:38 CH GMT","Vũ Đức Anh ","8","2","Nơi nhận thông tin về website","Máy chủ","Vào website mà người dùng nhập đường dẫn ","Mở trang web","Facebook","Lướt facebokk","...","...","Những người xử lý cái người dùng nhìn thấy","Những người xử lý cái người dùng không nhìn thấy","Người làm tất cả front và back","Front-end"
"2018/11/29 12:56:49 CH GMT","Phạm Việt Đức","9","tối thiểu là 2","máy khách ( máy người dùng)","máy chủ","get requied","gửi lại dữ liệu","kenh14.vn","click 1 đường link tin tức ( client gửi request + servers trả lại dữ liệu)","html , css . js ","mọi ngôn ngữ còn lại ","là người phát triển trang web ( front end ) , phát triển phần tương tác với người dùng","người phát triển , làm việc với dữ liệu ","người làm được cả font end và back end ","Front-end"
"2018/11/29 12:59:50 CH GMT","Nguyễn Đức Anh","9","2","front-end","back-end","cho ra thông tin, kết quả","xử lí dữ liệu và trả lại","dantri.com","tìm báo","ngôn ngữ của người dùng ","ngôn ngữ của người lập trình","chỉ code về front-end","chỉ code về back-end","code cả hai","Front-end"
"2018/11/29 12:59:54 CH GMT","Đỗ Đức Minh","9","Ít nhất 2 máy (client và server)","là phần front-end (phía người dùng)","là phần back-end","gửi yêu cầu đến server","gửi dữ liệu (html, css, js) về hiển thị trang web","www.google.com","người dùng truy cập trang web trong các kết quả hiển thị trên trang chủ   ","HTML, CSS, JS","PHP, Ruby","là những developer phụ trách phần front-end web","là developer phụ trách phần back-end web","là developer vừa thành thạo front-end, vừa thành thạo back-end","Front-end"
"2018/11/29 1:01:55 CH GMT","Nguyễn Hồng Phúc","9","2","front-end web","Back-end web","gửi yêu cầu về server để lấy thông tin hiển thị lên client","gửi thông tin về cho client","http://facebook.com","chat","HTML, CSS, JS","PHP, Python","lập trình viên thiết kế client site","là người thiết kế giao diện, cách thức vận hành web","làm cả front-end và back-end","Front-end"
"2018/11/29 1:10:14 CH GMT","Lê Minh Ngọc","9","2","nơi để người dùng sử dụng có thể gọi là fron","nơi sử lý toàn bộ dữ liệu ","đặt câu hỏi gửi đến server ","phân tích, gửi lại cho client render(vd : HTML, CSS, JS)","phimmoi.net","người dùng nhập phim mình thích xong gõ enter client gửi request đến server xong server tìm phim người dùng nhập xong gửi lại phim cho client","HTML, CSS, JS","tất cả ngôn ngữ lập trình =))))","làm toàn bộ công việc chủ yếu ở client ","làm toàn bộ công việc ở server","cả hai","Front-end"
"2019/03/09 1:16:26 CH GMT","vu","10","1","là ứng dụng để truy cập web","nơi chứa thông tin","gửi yêu cầu","gửi lại thông tin của web","facebook.com","lướt face ","request","html,css,js","là người nhìn thấy tranh chủ","là người làm việc vs server","nằm giữa","Full-stack"
"2019/03/11 11:26:23 SA GMT","Nguyễn Hoàng Minh","10","2","web người dùng cần tìm","chỗ chứa các thông tin về web cần tìm","gửi yêu cầu (get request)","trả lời client và gửi lại về html,css,js chứa các thông tin về trang web ","prezi.com","search các kiểu presentation","html,css,js","html,css,js","làm client","làm server","làm cả client và server","Front-end"
"2019/03/15 9:05:53 SA GMT","Đặng Anh Minh","10","2","Là browser mà người dùng sử dụng","máy chủ của trang web","gửi yêu cầu tới server xin code của trang web về để tái tạo trên client","đọc yêu cầu và xem xét yêu cầu","youtube.com","khi người dùng bấm vào link video, client gửi request tới server, server xem xét request. Nếu được, server sẽ gửi code để client tái tạo trang chứa video mới bấm vào.","HTML, CSS, JavaScript","HTML, CSS, JavaScript","Là người làm về giao diện và các loại di chuyển, hoạt động mà người dùng nhìn thấy","Là người làm những hoạt động của trang web mà người dùng không nhìn thấy","Là người làm cả 2 công việc của frontend và backend developer","Front-end"