"Dấu thời gian","Em tên là gì?","Em học lớp C4T số mấy?","","Hãy mô tả theo ý hiểu của em, thế nào là DOM?","Tác dụng của DOM?","Theo em hiểu, thế nào là event?","Theo em hiểu, thế nào là action?","Với Webbrowser, để có thể xử lý được event, cần làm gì?"
"2018/11/07 1:10:48 CH GMT","kHá bÁ tRườNg","7","Option 1","document object model: biểu đồ thực hiện ","tương tác giữa js và html","bắt dữ kiện khi nào người dùng làm j trên giaao diện","hành đôngj của người dùng","đọc event"
"2018/11/07 1:13:19 CH GMT","Nguyễn Xuân Thái Dương","7","","là cấu trúc để xếp các thẻ của html, để xem cái nào được tạo trước ","nắm bắt các sự kiện(vd: khi 1 nút được ấn), đọc thông tin được nhập vào, thay đổi thông tin, tìm element(?) ","là khi người dùng tương tác với web","các function được thực hiện khi có event","cần các các tag có thể nhận biết được event"
"2018/11/07 1:27:11 CH GMT","Bùi Anh Nhật","7","","document object model","cactch event, find element, read porperties, change ","Là một action của chương trình.","một thao tác sẽ xảy ra khi ...","làm action, ấn button,..."
"2018/11/07 1:36:16 CH GMT","Quoc Minh","7","","to organise different elements ","make things work","when the user perform a task ","the response of js ","java script linked to html"
"2018/11/10 1:47:55 CH GMT","trang","7","Option 1","document object model","JS va html tuong tac vs nhau","du kien","function JS","html binding, js binding"
"2018/11/14 12:31:46 CH GMT","trang","7","Option 1","document object model","js và html tuong tac voi nhau","thông tin","function","html binding, js binding"
"2018/11/16 1:18:06 CH GMT","Nguyễn Hạnh An","8","","cách tổ chức các thẻ trong HTML","Bắt sự kiện, tìm ra thẻ HTML mình cần và thay đổi nó","các tương tác của người dùng với giao diện","gọi các hàm JS","cho hàm vào html, code trong JS"
"2018/11/16 1:56:49 CH GMT","minh","8","","lien ket html va js","lien ket html va js","su kien","phan ng lai vs event ntn",""
"2018/11/18 6:03:40 SA GMT","Phan Huy Công","8","Option 1","DOM là 1 mô hình mô tả các đối tượng trong HTML","DOM giúp trình duyệt thực hiện thao tác theo mô hình thứ bậc,tứ cao đến thấp","event là 1 sự kiện trong html,trong đó khi chịu tác động từ bên ngoài thì event sẽ thực hiện 1 hay nhiều hành động ","action là những hoạt động được xảy ra khi event được kích hoạt","cần phải dùng DOM để tìm thẻ cần phải xử lý"
"2018/11/18 1:11:17 CH GMT","Triệu","8","Option 1","Document object model","help interract with JS and HTML","Bắt sự kiện, biết user lm j trên giao diện của mình","hành động","catch"