"Dấu thời gian","Tên em là","Lớp em học là C4T số mấy?","Không code thử, hãy trả lời xem các vòng lặp sau chạy tất cả bao nhiêu lần?","Không code thử, hãy trả lời xem các vòng lặp sau chạy tất cả bao nhiêu lần?","Không code thử, hãy trả lời xem các vòng lặp sau chạy tất cả bao nhiêu lần?","Không code thử, hãy trả lời xem các vòng lặp sau chạy tất cả bao nhiêu lần?","Không code thử, hãy trả lời xem các vòng lặp sau chạy tất cả bao nhiêu lần?","Không code thử, hãy trả lời xem vòng lặp sau chạy tất cả bao nhiêu lần?","Không code thử, hãy trả lời xem vòng lặp sau chạy tất cả bao nhiêu lần?","Không code thử, hãy trả lời xem vòng lặp sau chạy tất cả bao nhiêu lần?","Không code thử, hãy trả lời xem vòng lặp sau chạy tất cả bao nhiêu lần?","Không code thử, hãy trả lời xem vòng lặp sau chạy tất cả bao nhiêu lần?","Không code thử, hãy trả lời xem vòng lặp sau chạy tất cả bao nhiêu lần?","Không code thử, hãy trả lời xem vòng lặp sau chạy tất cả bao nhiêu lần?"
"2018/09/28 1:13:43 CH GMT","Phan Huy Công","8","chạy vô hạn","ko chạy gì","chạy vô hạn","ko chạy gì","chạy vô hạn","chạy vô hạn","chạy vô hạn","chạy 7 lần","chạy 1 lần","chạy 4 lần","chạy đến khi ng dùng nhấn 5 thì dừng","chạy vô hạn"
"2018/09/28 1:13:54 CH GMT","Quoc Anh","8","khong dung","khong chay ","khong dung ","khong chay","khong dung","khong dung","khong dung ","chay 6 lan","khong dung","4 lan ","tuy vao so input","3 lan"
"2018/09/28 1:24:23 CH GMT","Trần Duy Hưng","8","vô số lần :)","0 lần :(","vô số :)","vô số :)","vô số :)","vô số :)","vô số :)","7 lần :(","3 lần :<","4 lần :>","tùy vào số bạn nhập vào :o","vô số "
"2018/09/28 1:24:27 CH GMT","Nguyễn Khoa Hải Duy","8","chạy lặp lại vô hạn lần","không lặp lại lần nào","chạy lặp lại vô hạn lần","chạy lặp lại vô hạn lần","chạy lặp lại vô hạn lần","lặp vô hạn","lặp vô hạn","lặp 7 lần","lặp 2 lần","lặp lại 4 lần","nếu người dùng nhập số 5 thì chương trình không lặp lại, nếu người dùng nhập số khác 5 thì chương trình lặp vô hạn","lặp vô hạn"
"2018/09/28 1:34:08 CH GMT","Nguyễn Hạnh An","8","chạy không dừng","không chạy một lần nào","chạy không dừng","chạy không dừng","chạy không dừng","chạy không dừng","chạy không dừng","chạy 7 lần","chạy 3 lần","chạy 4 lần","chạy nhiều lần cho đến khi nhập 5 vào","chạy 1 lần"
"2018/10/28 8:08:14 SA GMT","Phạm Việt Đức ","9","vô hạn","0","vô hạn","vô hạn","vô hạn","vô hạn","vô hạn","7","3","4","vô hạn , nếu nhập x = 5 thì dừng ","vô hạn"
"2018/12/08 1:22:16 CH GMT","Đỗ Đình Khánh Nam","10","vô tận","0","vô tận","vô tận","vô tận","vô tận","vô tận","7","2","4","vô tận miễn sao không chạm đến số 5","1"
"2018/12/08 1:51:03 CH GMT","Dang Anh Minh","10","vo so lan","khong chay","vo so lan","khong chay","vo so lan","vo so lan","vo so lan","7 lan","3 lan","4 lan","den khi nhap 5 thi dung lai","dung khi nhap 2 hoac 4"
"2018/12/08 1:53:16 CH GMT","Đường Vũ","10","vô số lần","0 lần","1 lần","0 lần","0 lần","3 lần","vô số lần","7 lần","3 lần","4 lần","sẽ chạy vô hạn nếu x khác 5","chạy đến khi có số chia hết cho 2"
"2018/12/08 2:39:45 CH GMT","Đặng Thành Luân","10","chạy không giới hạn lần","không chạy lần nào","chạy không giới hạn ","chạy không giới hạn ","chạy không giới hạn ","chạy không giới hạn ","chạy không giới hạn ","7","3","4","Chạy mãi mãi cho đến khi x = 5","khong chay"
"2018/12/08 2:43:50 CH GMT","Hoang Mai Vu","10","vo han","0 lan","vo han","vo han","vo han","vo han","vo han","7","0","4","in vo so lan tru x=5","vo han"
"2018/12/08 2:44:08 CH GMT","Mai Ngọc Huy","10","Vô hạn","Không chạy","Vô hạn","Vô hạn","vô hạn","Vô hạn","Vô hạn","7","0","4","Vô số lần nếu x khác 5 và không chạy nếu x = 5","Vô hạn"
"2018/12/08 2:44:11 CH GMT","Nguyễn Phú Mạnh","10","vô hạn","0 lần","vô hạn","vô hạn","vô hạn","vô hạn","vô hạn","7 lần","3 lần","4 lần","đến khi số 5 xuất hiện","vô hạn "
"2018/12/08 2:54:46 CH GMT","Nguyễn Hoàng Minh","10","vô  số","0","vô số","0","vô số","vô số","vô số","7 ","3","4","cho tới khi x = 5 thì dừng","2"
"2018/12/15 9:35:55 SA GMT","Đàm Nguyễn Mai Hạnh","10","chạy vô hạn","không chạy 1 lần nào","chạy vô hạn","chạy vô hạn","chạy vô hạn","chạy vô số lần","chạy vô số lần","chạy 6 lần","2 lần","4 lần","chạy liên tục đến khi nhập 5","3 lần"
"2018/12/15 9:56:39 SA GMT","Phạm Đình Khánh An","10","vô số lần","không chạy lần nào","3 lần","vô số lần","vô số lần","vô số lần","6 lần","6 lần","3 lần","","vô số lần còn nếu nhập giá trị bằng 5 thì ko chạy vòng nào","3 lần"
"2018/12/15 10:01:58 SA GMT","Nguyễn Minh An Phương","10","Vô hạn","Không lặp lại","Không chạy","Vô hạn","Không chạy","4 lần","2","7","1","","Vô hạn nếu như x != 5",""
"2018/12/15 12:10:26 CH GMT","Đỗ Phương Linh","10","chạy liên tục","không lần nào","chạy liên tục","chạy liên tục","chạy liên tục","chạy liên tục","chạy liên tục","không lần nào","không lần nào","4 lần","không lặp lại nếu x = 5","chạy liên tục"
"2018/12/22 1:01:16 CH GMT","hà lê huy","10","vô hạn","0","vô hạn","vô hạn","vô hạn","3","vo hạn","6","2","4","khi x == 5 thì 0 lần, khi x!= 5 thì vô hạn","o"
"2018/12/22 1:32:57 CH GMT","Nguyễn Viết Thái Bình","10","Vô hạn","Không hiện gì cả","1","1","luôn đúng","1","vô hạn","6","1","11","0","`"
"2018/12/22 1:44:33 CH GMT","Hưng","10","","","","","","","","","","","",""
"2018/12/22 2:02:21 CH GMT","Phan Anh Quân","10","vô tận ","ko chạy","vô tận ","vô tận","vô tận ","vẫn vô tận à :)) ","0 lần","0 lần ","0 lần","uhmm....em nghĩ là 4 lần","nhiều lần, nhưng nếu nhập là 5 thì sẽ dừng chạy","0 laanf"
"2018/12/22 2:07:08 CH GMT","Bạch Ngọc Hiếu","10","vô số","không lần ","3 lần ","3 lần","3 lần ","3 lần","vô số","7 lần","0","6","0 lần ",""
"2018/12/22 2:24:03 CH GMT","Hưng","10","chạy liên tục","không chạy lần nào","vô tận","vô tận","không chạy","vô tận","không chạy","7","4","4","chạy được vô số lần nhưng nếu là 5 thì không chạy","3"
"2019/01/20 1:55:55 CH GMT","Nguyễn Tam Hoàng Lâm","11","vô hạn lần","vô hạn lần","vô hạn lần ","vô hạn lần","vô hạn lần","1 lần","vô hạn lần","6 lần","2 lần","4 lần","vô hạn lần ","3 lần"