"Dấu thời gian","Tên cuả em?","Lớp em là C4T số mấy?","Hãy nêu ra một vài tình huống mà list hữu dụng?"
"2018/09/26 12:29:00 CH GMT","Vũ Chí Hiếu","7","1) trong 1 dãy số j đấy, tìm ra các số thỏa mãn đk cho trước   2) nhập thêm , tìm , sửa , thay thế 1 số phần tử trong một danh sách nhất định"
"2018/09/26 12:34:56 CH GMT","Bùi Anh Nhật","7","Một vài tình huống mà list hữu dụng: Khi ta phải biểu diễn 1 danh sánh gồm những item giống nhau, có cùng ý nghĩa,... ; hoặc ta phải biểu diễn một danh sách dài vô hạn."
"2018/09/26 12:39:17 CH GMT","Nguyễn Xuân Thái Dương","7","khi cần liệt kê nhiều item có cùng tính chất hoặc khi cần tạo 1 danh sách infinite"
"2018/09/26 12:39:25 CH GMT","Vũ Quốc Minh ","7","các mó trong nhà hàng, danh sách các đồ trong cửa hàng"
"2018/09/26 12:41:18 CH GMT","Đoàn Việt Anh","7","add more item,delete item, update item name"
"2018/09/26 12:41:57 CH GMT","Quang","7","them, bot, xoa, cap nhat bien"
"2018/09/26 12:42:15 CH GMT","Nguyễn Xuân Trường","7","muốn thêm 1 item vào mà ko làm thay đỏi code ..."
"2018/09/26 12:50:29 CH GMT","Lại Tuấn Anh","7","1, Khi nhập dữ liệu, với những dữ liệu bản chất giống nhau, tạo list chứa chúng giúp mọi thứ gọn gàng hơn, liên kết các dữ liệu đó với nhau và giúp lấy dữ liệu dễ hơn. 2, Khi làm toán, có thể thêm nhiều kết quả vào list để dùng sau. 3, Như trong game ý, list có thể chứa nhân vật, xong list khác thì chứa kĩ năng, list khác chứa thuộc tính, liên kết với nhau là dc,"
"2018/09/28 5:59:52 SA GMT","Quang","7","them, bot, xoa, cap nhat bien"
"2018/10/03 12:21:25 CH GMT","Quang","7","them, bot, xoa, cap nhat bien"
"2018/10/05 12:21:00 CH GMT","Ngoc","8","vo han item "
"2018/10/05 12:21:39 CH GMT","Triệu Tiến Đức","8","- làm menu trong nhà hàng "
"2018/10/05 12:21:58 CH GMT","Nguyễn Hạnh An","8","xếp chung nhóm những phần tử có chung đặc điểm; thêm, xóa hoặc thực hiện được những thao tác với tập hợp, tập hợp lượng lớn phần tử"
"2018/10/05 12:22:10 CH GMT","Phan Huy Công","8","1 list những bài hát mà người dùng muốn nhập vào"
"2018/10/05 12:22:37 CH GMT","Vũ Ngọc Minh","8","phải thêm nhiều dữ liệu"
"2018/10/05 12:22:53 CH GMT","Nguyễn Khoa Hải Duy","8","liệt kê thực đơn, tên, v.v..."
"2018/10/05 12:25:06 CH GMT","Hưng","8","làm menu nhà hàng"
"2018/10/05 12:27:37 CH GMT","Tấn","8","ko bt"
"2018/10/05 12:29:02 CH GMT","Vũ Đức Anh","8","Lập danh sách"
"2018/10/05 12:34:41 CH GMT","Tấn","8","tạo 1 danh sách dài các thứ mà ko muốn viết từng thứ 1"
"2018/10/05 1:43:41 CH GMT","Nguyễn Ngọc Minh Anh ","8","khi phải biểu diễn các danh sách cùng ý nghĩa . Có thể dễ dàng thêm các item vào danh sách dài vô hạn"
"2018/10/06 4:37:27 CH GMT","Quocanh","8","lam menu "
"2018/11/04 7:56:23 SA GMT","Phạm Việt Đức ","9","liệt kê , vẽ turtle cần màu , v..vv"
"2018/11/04 8:00:10 SA GMT","Phạm Hải Long","9","Infinitie + Homogeneous items"
"2018/11/04 8:12:41 SA GMT","Nguyễn Đức Anh","9","dễ tìm items"
"2018/11/04 8:18:28 SA GMT","Đỗ Đức Minh","9","liệt kê tên các thành viên trong một lớp học, liệt kê các loại mặt hàng, liệt kê tên các khoá học, ..."
"2018/11/04 8:27:59 SA GMT","Nguyễn Hồng Phúc","9","liệt kê những phần tử có tính chất giống nhau và không giới hạn số lượng"
"2018/11/04 8:52:44 SA GMT","Lê Minh Ngọc","9","liệt kê "
"2018/12/29 12:20:45 CH GMT","Thành Luân","10","làm thực đơn nhà hàng, làm list các món hàng bày bán"
"2018/12/29 1:21:06 CH GMT","vũ","10","biểu điễn một cái danh sách"
"2018/12/29 1:24:59 CH GMT","Ngọc Huy","10",""
"2018/12/29 1:33:47 CH GMT","Ngọc Huy","10","Khi ta phải làm việc với số lượng phần tử lớn và để tránh bị lặp lại"
"2019/01/05 12:41:22 CH GMT","Phạm Đình Khánh An","10","danh sách tuyển người của 1 công ty, luôn có thể thêm bớt thành viên ; các nguyên liệu làm bánh :))) "
"2019/01/05 12:58:01 CH GMT","Đặng Anh Minh","10","Menu nhà hàng, To-do list, plans,..."
"2019/01/05 1:14:08 CH GMT","hà lê huy","10","tên học sinh trong 1 lớp, menu, danh sách , số động vật trong sở thú ..."
"2019/01/12 1:32:53 CH GMT","Phương Linh","10","biểu diễn 1 danh sách cùng ý nghĩa và danh sách dài vô hạn"
"2019/01/12 2:26:22 CH GMT","Phan Anh Quân ","10","print, if, elif,else,...."
"2019/01/19 12:44:01 CH GMT","Đỗ Đình Khánh Nam","10","Làm thực đơn của nhà hàng"
"2019/02/16 12:54:26 CH GMT","Nguyễn Nam Anh","10","Item, #"
"2019/02/17 2:33:46 CH GMT","Nguyễn Tam Hoàng Lâm","11","Làm menu nhà hàng"
"2019/03/16 12:14:10 CH GMT","Bình","12","danh sách có những thứ với tính chất giống nhau và số lượng lớn"
"2019/03/16 12:19:05 CH GMT","Việt Phong","12","Một danh sách cần thay đổi thường xuyên"
"2019/03/16 12:20:44 CH GMT","Vương Trần Lực","12","- menu trong nhà hàng, danh sách học sinh trong lớp, nguyên tố hóa học"
"2019/03/16 1:36:05 CH GMT","Nguyễn Trọng Đức","12","danh sách dài: menu nhà hàng , tên học sinh trong 1 lớp ..."