"Dấu thời gian","Em tên gì?","Em học lớp C4T số mấy?","from pyglet.media import Source, Player, load","player = Player()","source = load('Centuries - Fall out boy.mp3')","player.queue(source)","player.play()","while True:","input(""Press any key"")","break","from youtube_dl import YoutubeDL","options = {  'default_search': 'ytsearch5' }","Lý giải ý nghĩa của 'ytsearch5'","ydl = YoutubeDL(options)","search_result = ydl.extract_info('that girl', False)","Ý nghĩa của False trong extract_ino ở trên?","Hãy thử tìm xem thông tin các bài hát tìm được nằm ở đâu (key nào)?","Chỉ ra kiểu dữ liệu của thông tin TẤT CẢ các bài hát","Chỉ ra kiểu dữ liệu của thông tin của MỘT bài hát","Nếu kết quả search nằm trong biến search_result, làm sao để lấy được thông tin của TẤT CẢ các bài hát? (code)","Nếu như đã có dữ liệu của TẤT CẢ các bài hát, làm sao để lấy ra được thông tin bài hát ĐẦU TIÊN? (code)","Nếu như đã có dữ liệu của MỘT BÀI hát, làm sao để lấy ra được id, title, duration của một bài hát? (code)","Nếu như đã có dữ liệu của TẤT CẢ các bài hát, làm sao để in ra được tên các bài hát, mỗi bài 1 dòng? (code)"
"2018/10/13 10:46:21 SA GMT","Minh Đức","16","Dùng 3 hàm source, play, load của thư viện pyglet","Tạo object player","Load bài hát vào biến source","Cho file nhạc vừa load vào hàng chờ để phát","Phát nhạc trong hàng chờ","Phát nhạc liên tục","Bắt event nhập phím của người dùng","Dừng phát nhạc","Dùng Class youtubedl của thư viện youtube_dl","Tùy chỉnh youtube_dl","Đặt công cụ tìm kiếm là youtube. Lấy 5 kết quả đầu tiên","Áp dụng tùy chỉnh ở trên vào youtubedl","Lấy info của video đầu tiên tên 'that girl' trên youtube","Không tải video về","Entries","List","Dictionary","For song in Search_result[""entries""]: print(song)","Print(search_result[""entries""][0])","Song[""id""] song[""title""] song[""duration""]","For song in search_result[""entries""]:  Print(song[title], end="""")"
"2018/10/13 1:20:34 CH GMT","Nguyễn Xuân Trường","7","lấy giữ liệu từ pyglet","gọi hàm player ","dữ liệu là bài đã tải","lấy bài từ dư liệu","chơi bài","vòng lặp đúng","bất nút bất kì","thoát khỏi vòng lặp","lấy dữ liệu từ youtube","lựa chọn tìm kiếm mặc định","tìm kiếm 5 từ gần nhất","dùng hàm youtubeDl cho lựa chọn","kết quả tìm kiếm = lấy dữ liệu từ tìm kiếm","ko download","id","list","dictionary","chuyển về json cóp dữ liệu lên json editor for i in range(lens(entries): print(entries[i]0","entries[1]","","for i in range(lens(entries): print(entries[i]['title']"
"2018/10/13 1:20:38 CH GMT","Nguyễn Xuân Thái Dương","7","nó lấy từ thư viện pyglet.media các cái này","em không biết","chắc là chọn file nhạc là cái Centuries - Fall out boy.mp3","em chịu","em chịu","để ng dùng có thể thoát bất cứ lúc nào","ấn để thực hiện lệnh break","thoát, thôi chơi nhạc","import YoutubeDL","từ điển options có key là default và value là ytsearch5","lấy 5 kết quả đầu tiên","chạy thư viện YoutubeDL vs options","download thong tin ve nhung ko tai video","ko tai video","entries","list","dictionary","search_result[entries]","search_result[entries][0]","search_result[entries][0][id] search_result[entries][0][title] search_result[entries][0][duration]","for items in entries: print(items[title])"
"2018/10/13 1:25:06 CH GMT","Bùi Anh Nhật","7","Import các hàm cần thiết.","Gán biến để chạy file nhạc.","Lấy file mp3 muốn chạy.","Load file mp3.","Chạy file mp3.","Vòng lặp.","Nhập vào bất cứ phím nào.","Kết thúc vòng lặp - chương trình.","Import hàm YoutubeDL.","khởi tạo 1 hàm để search.","youtube search.","gán biến ydl với vid vừa tìm.","Extract info  của vid.","kết thúc search","id","Dictionary.","Dictionary.","search_result = ydl.extract_info( , False)","search_result = ydl.extract_info( tên , False)|print(search_result[0])","print(search_result['id'], search_result['title'], search_result['duration')]","print(search_result['id'])"
"2018/10/13 1:28:06 CH GMT","Vũ Chí Hiếu","7","dùng các lệnh source, player, load trên pyglet.media","??","nguồn chơi nhạc, đọc file có tên Centuries - Fall out boy.mp3","chơi bài nhạc file tên Centuries - Fall out boy.mp3","chơi bài nhạc ","lặp lại liên tục vs điều kiện True","nhận là ng dùng đã bấm 1 key","thoát vòng while, dừng chơi nhạc","dùng lệnh download vid từ YT","biến options có giá trị { 'default_search': 'ytsearch5' }","search = youtube, lấy 5 kết quả","biến ydl là kq của chạy lệnh YoutubeDL(options)","search_result là kq của vc lấy thông tin của ydl","không tải vid về mà chỉ lấy thông tin","that girl","dict","list","làm trong vs code","như trên","như trên","như trên"
"2018/10/13 1:39:43 CH GMT","Lại Tuấn Anh","7","import 3 hàm từ thừ viện pyglet.media","load Player và đặt vào biến player","load bài hát Centuries và đặt vào biến source","thêm source vào queue để phát.","phát bài hát","ngăn không cho chương trình kết thúc để còn phát nhạc, nếu mà có thêm play/pause thì mới có hiệu quả. Chứ trong code này thì k có ảnh hưởng gì.","ngăn không cho chương trình kết thúc.","kết thúc chương trình, tắt nhạc","import hàm YouTubeDL từ thư viện youtube_dl","tạo dictionary về setting.","search và lấy 5 kết quả đầu tiên trên youtube.","chỉnh sửa setting của youtubedl.","lấy info của video search trên youtube với từ khóa 'that girl' nhưng không download.","Ngăn không download video.","entries","list","dictionary","search_result['entries']","search_result[entries][0]","search_result[entries][thu tu bai hat][id/title/duration]","dùng hàm for, search_result[entries][i]['title']"
"2018/10/13 1:53:41 CH GMT","Doan Viet Anh","7","truy cap thu vien pyglet.media de import ham source,player,load","High-level sound and video player","Load a source from a file.","Queue the source on this player. If the player has no source, the player will be paused immediately on this source.","Begin playing the current source.","ham while","Press any key to stop the loop","stop the loop","import the YoutubeDL from the youtube_dl library","search mac dinh 5 video dau tien khi tra xong trong youtube","5 video dau tien","cho cai video ma minh tim ra duoc gan vao trong bien ydl","tao ra bien de luu tru cai thong tin extract ve","la khong download","5 bai dau trong youtube","dict and list","bai dau co  dict va list","search_result = ydl.extract_info('ytsearch5l', download=True)","a = search_result[0]","b = search_result[i][""id""]....","for p in searchresult.items(): print p[title]"
"2018/10/13 1:54:12 CH GMT","Quang","7","import youtube_dl","high level sound and video player","load a source from file","begin playing the current source","begin playing the current source","vong lap ","huong dan nguoi dung","pha vo","import youtubedl","search mac dinh 5 video dau tien cua youtube","5 video dau tien cua youtube","cho video minh tim ra dc gan vao bien ydl","thong tin cua serch_result","ko download","5 video dau tien tren youtube","dict va list","bai dau co dict va list","search_result = ydl.extract_info('ytsearch5', download=True)","x = search_result[0]","y = search_result[i]['id']....","for p in search_result:"
"2018/10/13 1:55:00 CH GMT","Vu Quoc Minh","7","Audio video playback import an audio,video source,high level sound and video, load a source form a file","High -level sound player","load the source from a file","queue the source on this player","begin playing the current source","play the source","ask the user to put in any key","stop playing the current source","import videos from youtube","search the first 5 videos on youtube","the first 5 yt videos appear on search list","gan bien tuong ung voi videos tim duoc tu youtube","extract information of the video on youtube without downloading it","to not download the video","first 5 videos on youtube","dictionary and list","dictionary and list","bien.extract_info('ytsearch5', False)","a = bien[0]","print(bien[i]['id'])","for i in a.items(): print(i, end='  ')"
"2018/10/16 11:14:56 SA GMT","Văn Trung","7","khởi động pyglet","","chạy file âm nhạc","","","hàm while luôn đúng, chạy mãi mãi","người dùng nhập bất kể cái gì","dừng hàm while","khởi động youtubedl","cài đặt youtubedl","để search ra file đó","đặt biến để viết tắt","","","","dict, list, ...","dict","ydl.extract_info(""link"")","for item in ['https://www.youtube.com/watch?v=aJOTlE1K90k', 'https://www.youtube.com/watch?v=nQY4dIxY1H4']:         a.append(ydl.extract_info(item, False))","",""
"2018/10/21 12:55:36 CH GMT","Phan Huy Công","8","từ thư viện pyglet.media lấy ra những từ khóa Source,Player,load ( mong ac chấm nhẹ tay :v)","đặt player bằng hàm Player() (e ko bt dùng từ hàm đúng ko :v)","lệnh để load bài hát","thêm nguồn vào biến player","để chạy bài hát","khiến cho bài hát đc chạy liên tục","yêu cầu ng dùng gõ bất cứ cái j","phá vòng lặp","gọi youtube_dl từ thư viện YoutubeDL","đặt biến options là 1 dict","chỉ search đúng 5 vid trong yt","lấy thông tin  từ options ","bắt đầu tìm kiếm những vid có 2 chữ 'that girl'","e chỉ bt là khi ko có False thì tải 1 vid xuống sẽ ko tải đc,sự kết nối bị ngắt từ xa và ko có sự phản hồi,còn ý nghĩa False trg này e ko bt p ns ntn ạ :v","key entries","là 1 list","là 1 dict","print(search_result['entries'])","print(search_result['entries'][0])","print(search_result['entries'][0]['title']) print(search_result['entries'][0]['duration']) print(search_result['entries'][0]['id']) print(search_result['entries'][0]['webpage_url'])","for i in search_result['entries']:     print(i['title'])"
"2018/10/21 1:51:20 CH GMT","Hưng Trần Duy","8","nhập vào pyglet để lấy các chức năng","lập máy chơi nhạc","load nhạc","load nhạc??","chơi nhạc","chơi nhạc liên tục","nhập 1 cái gì đó vào để dừng chơi nhạc","dừng chơi nhạc","nhập vào youtube_dl để lấy các chức năng","1 dictionary bao gồm lệnh tìm video trên youtube","tìm 5 video trên youtube","sử dụng các lệnh chứa trong cái dictionary đó","lấy thông tin cho các video tìm được","không download video","","","","","","",""
"2019/02/23 1:25:11 CH GMT","Đặng Anh Minh","10","","","","","","","","","","","","","","","YoutubeSearch","","","print(search_result)","print(search_result[0])","print(song['id'], song['title'], song['duration'])","for i in album: print(i['name'])"
"2019/03/11 11:17:00 SA GMT","Nguyễn Hoàng Minh","10","tải các công cụ hỗ trợ source, player và load","player được gán với player()","code của bài hát được mã hóa bởi load và gán vào source","source được xếp hàng vào trong player để chờ được chơi","chơi nhạc","lập ra vòng lặp để bài hát được chạy liên tục","ấn bất cứ nút nào để sau đó break","ngừng chơi nhạc","tải công cụ hỗ trợ YoutubeDl ","options: đưa ra các tiêu chí  khi tìm,default search: các kết quả tìm kiếm khi tìm trên youtube,","_5 kết quả đầu tiên tìm thấy","ydl gán với các options bên trên","với ydl bên trên lấy thông tin về bài 'that girl' dựa trên tiêu chí đó rồi search_result được  gán với các thông tin đó","viết tắt của download = False, tức là lấy thông tin nhưng ko tải xuống máy","entries[i]với i từ 0 đến 4","list","dictionary","print(search_result['entries'])","print(search_result['entries'][0])","r là dữ liệu bài hát đó thì code là: print(r['id']),print(r['title']),print(r['duration'])'","for i in range(len(search_result['entries']): print(search_result['entries'][i]['title'])"