"Dấu thời gian","Tên em là?","Em học lớp C4T số mấy?","Theo em, trong trường hợp nào ta nên dùng Dictionary?","Em hãy cho 1 ví dụ mà ta nên sử dụng Dictionary (ngoài ví dụ ở trong bài giảng)","Hãy liệt kê các cặp key và value ở dictionary sau:"
"2018/10/03 12:32:45 CH GMT","Vũ Chí HIếu","7","Khi dùng các dữ liệu liên quan đến nhau nhưng ko đồng nhất.","Thông tin về sản phẩm tiêu dùng , tên, giá, nhà sx, thành phần, vân vân
","name, artist, likes."
"2018/10/03 12:36:51 CH GMT","Lại Tuấn Anh","7","Ta có các thông tin khác loại nhau cần sắp xếp. Như thông tin về người dùng, ","Code game có thể dùng nó để chứa chỉ số của nhân vật. ","name-careless whisper, artist-george micheal, likes-401816082"
"2018/10/03 12:37:08 CH GMT","Vũ Quốc Minh","7","khi mà trong list có nhiều thông tin thuộc các thể loại khác nhau","khi mà cần tạo một list chứa các thống kê cảu một máy tính","key: name; value: careless whisper
        artist;             George Micheal
        likes;              401816082"
"2018/10/03 12:38:49 CH GMT","Quang","7","truong hop khi chung ta liet ke thong tin cua nhieu nguoi","danh sach nhung nguoi nop phat","key:        value:
name      Careless whisper
artist      George Micheal
likes       401816082"
"2018/10/03 12:43:44 CH GMT","Nguyễn Quỳnh Trang","7","biểu diễn thông tin","biểu diễn thông tin về 1 vấn đề","name - careless whisper, artist - george micheal, likes - 401816082"
"2018/10/03 12:44:20 CH GMT","Bùi Anh Nhật","7","Khi ta cần khai báo các thông tin có liên quan tới nhau nhưng không đồng nhất","em cần khai báo lịch đi chơi bao gồm ngày tháng, số người tham gia, địa điểm,  ...","key: 'name', 'artist', 'likes'
value: 'Careless whisper', 'George Micheal', 401816082"
"2018/10/03 12:45:54 CH GMT","Đoàn Việt Anh","7","dùng khi phần tử chứa nhiều thông tin","trong phần tử có thông tin mà ta không thể đoán được (vd: 7 có thể là số yêu thích)","Key : ""name"" ,"" aritst"", ""likes""
Value: ''Carless whisper"", 401816082"
"2018/10/03 12:46:20 CH GMT","Nguyễn Xuân Trường","7","chứa thông tin liên quan đến nhau nhưng ko đồng nhất","danh sách tên tuổi năm sinh của 1 nhóm người","key :name value :Careless whisper
key: artist value: georege Micheal
key: likes value: 401816082
"
"2018/10/03 12:53:13 CH GMT","Nguyễn Văn Trung","7","khi có nhiều thông tin trong 1 dict","1 menu đồ ăn trong 1 nhà hàng lớn, thời gian biểu trong tuần, ...","cặp 1 : name và careless whisper
cặp 2 : artist  và george micheal
cặp 3 : like và 401816082"
"2018/10/12 12:21:09 CH GMT","Hưng Duy Trần","8","khi ta cần tạo 1 list gồm nhiều thông tin liên quan đến nhau nhưng không đồng nhất","tìm người thất lạc","name, careless whisper, artist, george michael, likes, 401816082"
"2018/10/12 12:26:18 CH GMT","dhagsgsagksadhsakjd","8","Biểu diễn các thông tin khác loại 1 cách hiệu quả","em kb","key là name, artist, likes
value careless..., george..., 40..."
"2018/10/12 12:31:45 CH GMT","Nguyễn Hạnh An","8","Cần tạo 1 tập hợp những phần tử có liên quan đến nhau nhưng không đồng nhất","Tạo ra tập hợp các thông tin về trường học","cặp 1: key - name, value - Careless whisper. Cặp 2: key - artist, value - George Micheal. Cặp 3 : key - likes, value - 401816082"
"2018/10/12 12:34:01 CH GMT","Nguyễn Khoa Hải Duy","8","khi có nhiều loại thông tin khác nhau  lẫn vào nhau","đáp số của các bài tập","tên bài hát: careless whisper
tác giả: George Micheal
lượt thích: 401816082"
"2018/10/12 12:36:46 CH GMT","Quoc Anh","8","liet ke thong tin","liet ke so doi iphone da san xuat ra
","key : name, artist, likes
value:Careless whisper, George Micheal, 401826082"
"2018/10/12 12:38:45 CH GMT","Trieu Tien Duc","8","nhu List","cv","key : name,artist,likes
value:careless whisper,george micheal,401816082"
"2018/10/12 12:46:17 CH GMT","vũ ngọc minh","8","nhiều thông tin ko đồngnhất","thông tin của một thứ gì đó :)))))","3 key : name, artist,likes;3 value careless whisper,george micheal,401816082"
"2018/10/12 12:46:32 CH GMT","Phan Huy Công","8","những trường hợp mà ta cần nhiều thông tin ko đồng nghĩa","tên các loại đồ ăn khác nhau trên thế giới","name : careless whisper / artist : george micheal / likes : 401816082"
"2018/10/12 12:52:51 CH GMT","Vũ Đức Anh","8","Biểu diễn thông tin","?!","'name': 'George Micheal'
'artist': 'Careless whisper''
'likes': 401816082"
"2018/11/11 7:35:58 SA GMT","Phạm Việt Đức ","9","khi trong list có nhiều kiểu của key khác nhau","+tạo 1 dic miêu tả buổi hẹn theo thông tin : ""vị trí"",""thời gian"",""số người "",,,","(key-value):(name,careless whispe),(artist:george micheal),(likes:401816082)"
"2018/11/11 7:58:59 SA GMT","Đỗ Đức Minh","9","Ta nên dùng dictionary khi các dữ liệu không có vai trò như nhau và không có kiểu dữ liệu giống nhau","Sử dungj dictionary để liệt kê các thông tin của sản phẩm (kích cỡ, nsx,..)","'name' - 'Careless whisper'; 'artist' - 'George Micheal'; 'likes' - 40186082"
"2018/11/11 7:59:03 SA GMT","Nguyễn Hồng Phúc","9","khi có nhiều phần tử khác bản chất","tên bộ phim, độ dài, miêu tả","name-careless whsper, artist-geogemicheal, likes-401816082"
"2018/11/11 8:27:02 SA GMT","Nguyễn Đức Anh","9","khi để mô tả về một thứ","mô tả phim, game, bạn gái","name: Careless whisper
artist: George Miccheal
likes: 401816082"
"2019/01/12 1:47:58 CH GMT","Dang thanh luan","10","liệt kê các thông tin liên quan đến nhau nhưng không đồng bộ","Bảng quản lí học sinh","key: name, artist, likes
value: Careless whisper, George Micheal, 401816082"
"2019/01/12 2:23:04 CH GMT","Vũ","10","biểu điễn thông tin","tên, nơi ở, năm sinh","keys : name, artist, likes và values : care ..., geo ..., 4018..."
"2019/01/19 12:23:46 CH GMT","Đặng Anh Minh","10","Khi có một tập hợp các phần tử liên quan nhưng không đồng nhất","Các thông tin về một quyển sách: 1.Xuất bản:2007, 2.Số trang:200, 3.Tác giả:ABC ","name và careless whisper, artist và george micheal, likes và 401816082"
"2019/01/19 1:16:03 CH GMT","Nguyễn Phú Mạnh","10","biểu diễn thông tin không cùng loại","mạnh, táo, sách","key : name, artist,likes
value: careless whisper, george micheal, 401816082"
"2019/01/19 1:20:26 CH GMT","Nguyễn Hoàng Minh","10","Khi các phần tử không cùng một chủ đề đồng nhất","ví dụ viết một tập chứa các thông tin không cùng chủ đề: ""cơm"",""cái gậy"",""ngôi nhà"",""123456"",...","key là 'name' 'artist' 'likes'
value là 'Careless whisper' 'George Micheal' 401816082
"
"2019/01/26 1:32:25 CH GMT","Mai Ngọc huy","10","Khi có nhiều thông tin thuộc về một thứ nhưng không  cùng một dạng dữ liệu","Quản lý tài khoản ngân hàng","key: name, artist, likes
value: Careless Whisper, George Micheal, 401816082
"
"2019/02/23 12:42:55 CH GMT","hà lê huy","10","biểu diễn các thông tin khác nhau của 1 đối tượng","vị trí và đặc điểm của 1 vật","key : name, artist, likes
value : Careless whisper, George Micheal, 401816082
"
"2019/02/23 1:20:58 CH GMT","Bạch Ngọc Hiếu","10","biểu diễn những thông tin nhưng không đồng nhất ","chó,lông nâu,3 năm tuổi","'name': 'careless whisper', 'artist': 'george micheal', 'likes': 401816082"
"2019/03/02 1:44:55 CH GMT","Nguyễn Minh An Phương","10","Các thông tin không đồng nhất với nhau","từ điển","key == name
value == geoge micheal"
"2019/03/02 1:50:14 CH GMT","Đỗ Đình Khánh Nam","10","Khi tìm thông tin liên quan đến một vật cụ thể","Việc tìm chi tiết của các món ăn trong một menu","name, artist, likes là keys và careless whisper, george michael, 401816092 là values"
"2019/03/02 2:26:35 CH GMT","Đỗ Đình Khánh Nam","10","Khi tìm thông tin liên quan đến một sự vật cụ thể","Tìm các nguyên liệu trong một món ăn ","keys bao gồm name, artist và likes; values bao gồm careless whisper, George Michael và 401816082"
"2019/03/07 3:01:25 CH GMT","Phan Vũ Long","11","Để biểu diễn các thông tin liên quan đến nhau (related) nhưng mà khác loại (inhomogeneous)","Khi mình cần biểu diễn thông tin về một nhân vật trong game 2D (tên, chỉ số tấn công, chỉ số phòng thủ, vị trí trên màn hình displace)","(key: name, value: careless whisper), (key: artist, value: George Micheal), (key: likes, value: 401816082)"
"2019/03/10 12:24:50 CH GMT","Nguyễn Trà My","11","Khi muốn biểu diễn các dạng thông tin khác nhau mà list khó biểu diễn hiệu quả","Giới thiệu về mèo. Tai: 2, chân: 4, đuôi: 1, vv","name (Key): Careless whisper (value)
artist (key): George Micheal (value)
likes (key): 401816082 (value)"
"2019/03/10 2:34:58 CH GMT","Vũ Quang Anh","11","trong trường hợp mà các thành phần trong 1 list không đc rõ ràng","một list bao gồm việc phải làm và việc không nên làm","name : Careless whisper"
"2019/03/10 2:44:44 CH GMT","Vũ Quang Anh","11","khi mà ta khó phân biệt được những phần tử trong list ","một list gồm những việc phải làm và những việc không nên làm","key: 'artist'  ,   value : 'George Micheal'"
"2019/03/16 3:21:43 SA GMT","Dũng","11","khi mà có  nhiều thứ liên quan đến một cái gì đó nhưng không cùng loại","nói về con hổ thì về đặc điểm bên ngoài,tuổi thọ, sinh con...
","bài hát có tên là : Careless whisper
người thực hiện là George Micheal
số lượt thích là : 401816082
"
"2019/03/16 4:00:39 SA GMT","Dũng","11","khi mà dùng nhiều cái có liên quan đến một thứ mà các cái đó không liên quan đến nhau","tả mèo thì cần đặc điểm bên ngoài,tuổi thọ, thói quen ...","key ""name"" ứng với value""Careless whisper""
key""artist"" ứng với value""George Micheal""
key""likes"" ứng với value""401816082"""