"Dấu thời gian","Tên em là?","Em học lớp C4T số mấy?","Hãy liệt kê những thông tin (key) mà 1 quiz cần có","Những thông tin (key) mà 1 quiz như đề cần cần có nên có kiểu dữ liệu là gì?"
"2018/10/06 12:55:32 CH GMT","Vũ Chí Hiếu","7","4 đáp án , trong đó 1 đúng 3 sai","int và string "
"2018/10/06 12:57:47 CH GMT","Lai Tuan Anh","7","Question, answer, correct answer","Question - string, answer-list, correct_answer - int, tất cả nằm trong 1 cái dictionary, và 1 cái list khác sẽ chứa các dictionary này. Khi cần cho câu hỏi thì generate 1 randint và sử dụng nó để chọn câu hỏi từ thư viện."
"2018/10/06 12:57:48 CH GMT","Bùi Anh Nhật","7","one leg, two legs, four legs, eight legs, thông tin nào true và false","int, bool, string"
"2018/10/06 12:57:53 CH GMT","Đoàn VIệt Anh","7","1 leg,2 legs,4 legs, 8 legs","intergers, string, bool"
"2018/10/06 12:58:39 CH GMT","Vu Quoc Minh","7","one leg, two legs, four legs, eight legs","int, str"
"2018/10/06 1:04:44 CH GMT","Nguyễn Xuân Trường","7","bạch tuộc có 8 tám chân","String"
"2018/10/06 1:27:21 CH GMT","trang","7","câu hỏi","ko bt"
"2018/10/10 9:25:56 SA GMT","Nguyễn Xuân Thái Dương","7","Câu hỏi, đáp án","Str , list, int"
"2018/10/14 12:56:20 CH GMT","Nguyễn Hạnh An","8","Question và list answers","Question là string còn answers là list"
"2018/10/14 12:57:09 CH GMT","Phan Huy Công","8","câu trả lời và số thứ tự câu trả lời","dict"
"2018/10/14 12:57:12 CH GMT","Hưng Duy Trần","8","các câu trả lời cho quiz???","dictionary?"
"2018/11/15 12:14:37 CH GMT","Phạm Việt Đức","9","câu hỏi , các keys (đáp án 1,2,3,4), value(câu trả lời)","int"
"2018/11/15 1:06:46 CH GMT","Đỗ Đức Minh","9","tên câu hỏi, tên các đáp án, tên câu trả lời","nên có kiểu dữ liệu là string (cho câu hỏi) và list (cho câu trả lời và tên các đáp án"
"2019/01/14 12:00:12 CH GMT","Vũ","10","câu hỏi","list các câu trả lời
"
"2019/03/02 1:51:19 CH GMT","Lam","10","Câu hỏi và đáp án","dictionary"
"2019/03/09 2:08:59 CH GMT","le huy","10","cau hoi","cac cau tra loi"