"Dấu thời gian","Tên của em?","Lớp em là lớp C4T số mấy?","Lệnh command line nào để đổi đường dẫn đến thư mục Session1?","Lệnh cmd nào để có thể trở lại thử mục C4T9?","Viết chuỗi lệnh cmd để có thể đổi đường dẫn đến thử mục Session2 (Lưu ý là đường dẫn đang ở Seesion 1)?","Viết các chuỗi lệnh để chạy file hello.py trong thư mục Session 2 (lưu ý là ở trong ảnh địa chỉ thư mục đang ở Session1)"
"2018/10/04 1:41:13 CH GMT","Phạm Hải Long","gen 9 ạ","type "" cd Session1 "" để đổi đường dẫn vào Session1 ","Lệnh "" cd .. "" ","cd .. -> cd Session2","cd .. -> cd Session2/Hello.py"
"2018/10/04 1:42:14 CH GMT","Nguyễn Hồng Phúc","9","cd Session1","cd ..","cd..    cd Session2","cd ..   cd Session2"
"2018/10/04 1:42:34 CH GMT","Đỗ Đức Minh","C4T9","cd Session1","cd ..","cd .. - cd Session2","cd .. - cd Session2"
"2018/10/04 1:44:30 CH GMT","Nguyễn Đức Anh","C4T9","cd Session1","cd ..","Cd ..      rồi       cd Session2","cd..     cd Session2     Python hello.py"
"2018/10/04 1:44:31 CH GMT","Phạm Việt Đức","C4T9","cd Session1","cd ..","cd .. - cd Session2","cd .. - cd Session2 - python hello.py"
"2018/10/04 1:44:32 CH GMT","Trần Hồng Phúc","Số 9 ạ!","cd Session1","cd ..","cd .. _ cd Session2","cd .. _ cd Session2 _ python hello.py"
"2018/10/04 1:46:34 CH GMT","Lê Minh Ngọc","999","cd\","cd ..","cd\ cd","python hello.py"
"2019/03/03 8:30:45 SA GMT","Dinh Hue Linh","13","cd Session1","cd ..","cd .. cd Session2","cd .. cd Session2 python hello.py"
"2019/03/10 7:26:54 SA GMT","minh","13","cd session1","cd..","cd.. cd session2","python hello.py"